[{"model": "questions.page", "pk": 1, "fields": {"title": "Start", "submitAddr": "/submit"}}, {"model": "questions.page", "pk": 2, "fields": {"title": "Child form", "submitAddr": "/submit"}}, {"model": "questions.page", "pk": 3, "fields": {"title": "Adult form", "submitAddr": "/submit"}}, {"model": "questions.question", "pk": 1, "fields": {"title": "What gender do you identify as?", "name": "gender", "type": "radio", "order": 1, "page": 1}}, {"model": "questions.question", "pk": 2, "fields": {"title": "How old are you?", "name": "Age", "type": "radio", "order": 1, "page": 1}}, {"model": "questions.question", "pk": 9, "fields": {"title": "Is this the first time you've visited the museum?", "name": "first", "type": "radio", "order": 1, "page": 1}}, {"model": "questions.question", "pk": 10, "fields": {"title": "How many times a year would you attend the National Museum of Computing?", "name": "visits", "type": "radio", "order": 1, "page": 1}}, {"model": "questions.question", "pk": 11, "fields": {"title": "How did you find out about the National Museum of Computing events you attended this year?", "name": "events", "type": "radio", "order": 1, "page": 1}}, {"model": "questions.question", "pk": 12, "fields": {"title": "What made you decide to visit this particular museum?", "name": "decisions", "type": "radio", "order": 1, "page": 1}}, {"model": "questions.question", "pk": 13, "fields": {"title": "How long did it take for you to come to the museum?", "name": "distance", "type": "radio", "order": 1, "page": 1}}, {"model": "questions.question", "pk": 14, "fields": {"title": "How could we improve our activities to make them more inclusive?", "name": "improvements", "type": "text", "order": 1, "page": 1}}, {"model": "questions.question", "pk": 15, "fields": {"title": "Did you face any barriers/limitations during your visit?", "name": "barriers", "type": "radio,text", "order": 1, "page": 1}}, {"model": "questions.question", "pk": 16, "fields": {"title": "Would you recommend us?", "name": "recommend", "type": "radio,text", "order": 1, "page": 1}}, {"model": "questions.question", "pk": 17, "fields": {"title": "Would you like to subscribe to our mailing list?", "name": "email", "type": "radio,text", "order": 1, "page": 1}}, {"model": "questions.choice", "pk": 1, "fields": {"question": 1, "name": "Male"}}, {"model": "questions.choice", "pk": 2, "fields": {"question": 1, "name": "Female"}}, {"model": "questions.choice", "pk": 3, "fields": {"question": 1, "name": "Other"}}, {"model": "questions.choice", "pk": 4, "fields": {"question": 2, "name": "5-10"}}, {"model": "questions.choice", "pk": 5, "fields": {"question": 2, "name": "11-18"}}, {"model": "questions.choice", "pk": 6, "fields": {"question": 2, "name": "19-29"}}, {"model": "questions.choice", "pk": 7, "fields": {"question": 2, "name": "30-46"}}, {"model": "questions.choice", "pk": 8, "fields": {"question": 2, "name": "47-64"}}, {"model": "questions.choice", "pk": 9, "fields": {"question": 2, "name": "65+"}}, {"model": "questions.choice", "pk": 23, "fields": {"question": 9, "name": "Yes"}}, {"model": "questions.choice", "pk": 24, "fields": {"question": 9, "name": "No"}}, {"model": "questions.choice", "pk": 25, "fields": {"question": 1, "name": "Prefer not to say"}}, {"model": "questions.choice", "pk": 26, "fields": {"question": 10, "name": "1-2 times"}}, {"model": "questions.choice", "pk": 27, "fields": {"question": 10, "name": "3-4 times"}}, {"model": "questions.choice", "pk": 28, "fields": {"question": 10, "name": "5-10 times"}}, {"model": "questions.choice", "pk": 29, "fields": {"question": 10, "name": "More than 10 times"}}, {"model": "questions.choice", "pk": 30, "fields": {"question": 11, "name": "Knew from previous visits"}}, {"model": "questions.choice", "pk": 31, "fields": {"question": 11, "name": "Word of mouth"}}, {"model": "questions.choice", "pk": 32, "fields": {"question": 11, "name": "Posters/Leaflets"}}, {"model": "questions.choice", "pk": 33, "fields": {"question": 11, "name": "Local radio"}}, {"model": "questions.choice", "pk": 34, "fields": {"question": 11, "name": "Social media"}}, {"model": "questions.choice", "pk": 35, "fields": {"question": 11, "name": "Just passed by"}}, {"model": "questions.choice", "pk": 36, "fields": {"question": 11, "name": "Other websites"}}, {"model": "questions.choice", "pk": 37, "fields": {"question": 11, "name": "Came from Bletchley  Park"}}, {"model": "questions.choice", "pk": 38, "fields": {"question": 11, "name": "Other"}}, {"model": "questions.choice", "pk": 39, "fields": {"question": 12, "name": "I  have an interest in computers"}}, {"model": "questions.choice", "pk": 40, "fields": {"question": 12, "name": "To have an educational day out"}}, {"model": "questions.choice", "pk": 41, "fields": {"question": 12, "name": "To have a family day out"}}, {"model": "questions.choice", "pk": 42, "fields": {"question": 12, "name": "I work in the industry"}}, {"model": "questions.choice", "pk": 43, "fields": {"question": 12, "name": "Other"}}, {"model": "questions.choice", "pk": 44, "fields": {"question": 13, "name": "0-30 minutes"}}, {"model": "questions.choice", "pk": 45, "fields": {"question": 13, "name": "31-60 minutes"}}, {"model": "questions.choice", "pk": 46, "fields": {"question": 13, "name": "1-3 hours"}}, {"model": "questions.choice", "pk": 47, "fields": {"question": 13, "name": "More than 3 hours"}}, {"model": "questions.choice", "pk": 48, "fields": {"question": 13, "name": "From another country:Europe"}}, {"model": "questions.choice", "pk": 49, "fields": {"question": 15, "name": "No"}}, {"model": "questions.choice", "pk": 50, "fields": {"question": 15, "name": "Yes(please specify):"}}, {"model": "questions.choice", "pk": 51, "fields": {"question": 16, "name": "No"}}, {"model": "questions.choice", "pk": 52, "fields": {"question": 16, "name": "Yes\r\nPlease enter your email address:"}}, {"model": "questions.choice", "pk": 53, "fields": {"question": 17, "name": "No"}}, {"model": "questions.choice", "pk": 54, "fields": {"question": 17, "name": "Yes(Please enter your email address):"}}, {"model": "questions.choice", "pk": 55, "fields": {"question": 13, "name": "From another country:Rest of the world"}}, {"model": "questions.choice", "pk": 56, "fields": {"question": 14, "name": "Any suggestions"}}]